ARM_SIGNATURE,ARM_TIME,MICROBLAZE_SIGNATURE,MICROBLAZE_TIME,DATA_SIZE,CORRECT
57cff752bed0b05b481c047fecfdac48e828248ee675a12d891ebd944de414dbcc79cdf4a1bd73e8d096eb9e58575b34759c945a15537aa9a7d1e00a878aab0a,0.002481,57cff752bed0b05b481c047fecfdac48e828248ee675a12d891ebd944de414dbcc79cdf4a1bd73e8d096eb9e58575b34759c945a15537aa9a7d1e00a878aab0a,0.399717,4096,1
