ARM_SIGNATURE,ARM_TIME,MICROBLAZE_SIGNATURE,MICROBLAZE_TIME,DATA_SIZE,CORRECT
77b60f362bc849a86d96f645e4c95b45b0f5bd73f52bca6ff78d9d8b07c24fb3b6d283cde6fcc6c7a42b8d351eec33f45dd195ab255a30b55e48a00885fe550e,0.002486,4097744a99103d8c4184f4b4c6639c334373c30ab0667eddab3ea60347bd584b339d840e481eb8029d72c01edbde34d318e86185937cc7a9b0824fe9dcc9900c,0.363954,4096,0
