ARM_SIGNATURE,ARM_TIME,MICROBLAZE_SIGNATURE,MICROBLAZE_TIME,DATA_SIZE,CORRECT
aa1017abf52708a820906800a7cb68e1b4d1196fd1b8f8bc84dfd318a0485d595f1881c21028a787245ff045a804d7dafc3c9da9eddf9884dbb9f5b95449ee0f,0.001530,aa1017abf52708a820906800a7cb68e1b4d1196fd1b8f8bc84dfd318a0485d595f1881c21028a787245ff045a804d7dafc3c9da9eddf9884dbb9f5b95449ee0f,0.364859,256,1
5d15c9a2c3bff0ea72dac352e99fd05f5409a4d9ca2f2b81f8196bb151a5a26e6f54334d9f7af41090f3aea4453c08e0f355a2eaaf12d56e2bdd72707b5cc30a,0.001508,5d15c9a2c3bff0ea72dac352e99fd05f5409a4d9ca2f2b81f8196bb151a5a26e6f54334d9f7af41090f3aea4453c08e0f355a2eaaf12d56e2bdd72707b5cc30a,0.368004,256,1
97c2dfdc0bea8625085c85fef9c41b90b223f7c387737e5e68a1f5d36680cc58c6016900908ae5cd9ddaefc5660cbcea7d4a7a869aa72d806c49a39eb4adea0e,0.001506,97c2dfdc0bea8625085c85fef9c41b90b223f7c387737e5e68a1f5d36680cc58c6016900908ae5cd9ddaefc5660cbcea7d4a7a869aa72d806c49a39eb4adea0e,0.366765,256,1
268a8cb202f9edb35414c872bd126e34fac1051a2bd712242666fabc3a696d0e31d91aac1d140e0c705f7e8a646719d5df0b41239860ac6528d78851d753c006,0.001515,268a8cb202f9edb35414c872bd126e34fac1051a2bd712242666fabc3a696d0e31d91aac1d140e0c705f7e8a646719d5df0b41239860ac6528d78851d753c006,0.363575,256,1
ab591b260489f76116a12c85a7cf72864c1dc799b45c2d08b9f57b51c3948dc7fbc13892fffa5f38522b777639be5aff784c722748d5c731d62dd707e7175e08,0.001507,ab591b260489f76116a12c85a7cf72864c1dc799b45c2d08b9f57b51c3948dc7fbc13892fffa5f38522b777639be5aff784c722748d5c731d62dd707e7175e08,0.360303,256,1
